"firstName","lastName","mobile","email","preferredName","mobileCountryCode","birthday","title","gender","idType","idNumber","countryOfIssue","idExpiryDate","address1","address2","city","state","country","zipCode"
"bjFAj","AyJXq","9992839462","cjzegkm@test.com","bjFAj","91","1998-10-10","Mr","M","AADHAAR","395819153870","India","1994-10-10","Address 1","Address 2","Bangalore","Karnataka","India","560076"
"bjFAj","wTxGn","9974741308","abnfhwm@test.com","bjFAj","91","1998-10-10","Mr","M","AADHAAR","546966083705","India","1994-10-10","Address 1","Address 2","Bangalore","Karnataka","India","560076"
"bjFAj","JayWN","9922744639","tatabto@test.com","bjFAj","91","1998-10-10","Mr","M","AADHAAR","300012195275","India","1994-10-10","Address 1","Address 2","Bangalore","Karnataka","India","560076"
"bjFAj","wlktr","9946579448","jnvdjez@test.com","bjFAj","91","1998-10-10","Mr","M","AADHAAR","325046135744","India","1994-10-10","Address 1","Address 2","Bangalore","Karnataka","India","560076"
"bjFAj","MwkrN","9907889447","ifhlmny@test.com","bjFAj","91","1998-10-10","Mr","M","AADHAAR","966592320755","India","1994-10-10","Address 1","Address 2","Bangalore","Karnataka","India","560076"
"bjFAj","HZPkL","9996799831","egctyub@test.com","bjFAj","91","1998-10-10","Mr","M","AADHAAR","914844310381","India","1994-10-10","Address 1","Address 2","Bangalore","Karnataka","India","560076"
"bjFAj","eGydB","9961529749","ajeddar@test.com","bjFAj","91","1998-10-10","Mr","M","AADHAAR","351310139439","India","1994-10-10","Address 1","Address 2","Bangalore","Karnataka","India","560076"
"bjFAj","VYGra","9900864835","xjlxgxo@test.com","bjFAj","91","1998-10-10","Mr","M","AADHAAR","483599682238","India","1994-10-10","Address 1","Address 2","Bangalore","Karnataka","India","560076"
"bjFAj","bchRt","9938074771","fmofkkv@test.com","bjFAj","91","1998-10-10","Mr","M","AADHAAR","099731867614","India","1994-10-10","Address 1","Address 2","Bangalore","Karnataka","India","560076"
"bjFAj","otZAR","9930063628","bhjcisx@test.com","bjFAj","91","1998-10-10","Mr","M","AADHAAR","031588492374","India","1994-10-10","Address 1","Address 2","Bangalore","Karnataka","India","560076"
"bjFAj","MDqKu","9946861431","ktrgwmf@test.com","bjFAj","91","1998-10-10","Mr","M","AADHAAR","060632710584","India","1994-10-10","Address 1","Address 2","Bangalore","Karnataka","India","560076"
"bjFAj","icvKK","9978778431","rdfthnc@test.com","bjFAj","91","1998-10-10","Mr","M","AADHAAR","560503874337","India","1994-10-10","Address 1","Address 2","Bangalore","Karnataka","India","560076"
"bjFAj","JWMyH","9939249375","xpwjyxf@test.com","bjFAj","91","1998-10-10","Mr","M","AADHAAR","032426761733","India","1994-10-10","Address 1","Address 2","Bangalore","Karnataka","India","560076"
"bjFAj","yWJOj","9919865135","slkftwn@test.com","bjFAj","91","1998-10-10","Mr","M","AADHAAR","704789541792","India","1994-10-10","Address 1","Address 2","Bangalore","Karnataka","India","560076"
"bjFAj","WZOth","9926259243","jqrsans@test.com","bjFAj","91","1998-10-10","Mr","M","AADHAAR","829250268807","India","1994-10-10","Address 1","Address 2","Bangalore","Karnataka","India","560076"
"bjFAj","ihfUP","9974905327","npwbkuu@test.com","bjFAj","91","1998-10-10","Mr","M","AADHAAR","877458485217","India","1994-10-10","Address 1","Address 2","Bangalore","Karnataka","India","560076"
"bjFAj","hxKBz","9902209415","nvxjjhu@test.com","bjFAj","91","1998-10-10","Mr","M","AADHAAR","626726511111","India","1994-10-10","Address 1","Address 2","Bangalore","Karnataka","India","560076"
"bjFAj","cSnyD","9953619017","udnrnrh@test.com","bjFAj","91","1998-10-10","Mr","M","AADHAAR","964159606431","India","1994-10-10","Address 1","Address 2","Bangalore","Karnataka","India","560076"
"bjFAj","sgOaS","9973304579","zqyvyop@test.com","bjFAj","91","1998-10-10","Mr","M","AADHAAR","363952011525","India","1994-10-10","Address 1","Address 2","Bangalore","Karnataka","India","560076"
"bjFAj","sMvYZ","9943818078","odpwzes@test.com","bjFAj","91","1998-10-10","Mr","M","AADHAAR","060058468925","India","1994-10-10","Address 1","Address 2","Bangalore","Karnataka","India","560076"
"bjFAj","DiEsC","9983809894","epxdcom@test.com","bjFAj","91","1998-10-10","Mr","M","AADHAAR","419482844512","India","1994-10-10","Address 1","Address 2","Bangalore","Karnataka","India","560076"
"bjFAj","ykFjK","9978340672","uwutazt@test.com","bjFAj","91","1998-10-10","Mr","M","AADHAAR","663580829806","India","1994-10-10","Address 1","Address 2","Bangalore","Karnataka","India","560076"
"bjFAj","vgxyW","9996955395","baosrsl@test.com","bjFAj","91","1998-10-10","Mr","M","AADHAAR","588780776876","India","1994-10-10","Address 1","Address 2","Bangalore","Karnataka","India","560076"
"bjFAj","SRdiJ","9908558842","oqcsmxf@test.com","bjFAj","91","1998-10-10","Mr","M","AADHAAR","527249589912","India","1994-10-10","Address 1","Address 2","Bangalore","Karnataka","India","560076"
"bjFAj","NdINE","9913839488","owphbqh@test.com","bjFAj","91","1998-10-10","Mr","M","AADHAAR","984978579558","India","1994-10-10","Address 1","Address 2","Bangalore","Karnataka","India","560076"
"bjFAj","icVqW","9954253031","xdohqlu@test.com","bjFAj","91","1998-10-10","Mr","M","AADHAAR","656944749946","India","1994-10-10","Address 1","Address 2","Bangalore","Karnataka","India","560076"
"bjFAj","iLFRm","9982227054","zvwshav@test.com","bjFAj","91","1998-10-10","Mr","M","AADHAAR","325709362977","India","1994-10-10","Address 1","Address 2","Bangalore","Karnataka","India","560076"
"bjFAj","xummo","9975242928","pstnzya@test.com","bjFAj","91","1998-10-10","Mr","M","AADHAAR","067272341907","India","1994-10-10","Address 1","Address 2","Bangalore","Karnataka","India","560076"
"bjFAj","sGzQG","9977737394","mujwoeu@test.com","bjFAj","91","1998-10-10","Mr","M","AADHAAR","557799862141","India","1994-10-10","Address 1","Address 2","Bangalore","Karnataka","India","560076"
"bjFAj","hozct","9956640410","hkyryws@test.com","bjFAj","91","1998-10-10","Mr","M","AADHAAR","715927334256","India","1994-10-10","Address 1","Address 2","Bangalore","Karnataka","India","560076"
"bjFAj","NlUjk","9955674292","wndsqfe@test.com","bjFAj","91","1998-10-10","Mr","M","AADHAAR","766212483866","India","1994-10-10","Address 1","Address 2","Bangalore","Karnataka","India","560076"
"bjFAj","IhfgU","9915357164","rnuxhwa@test.com","bjFAj","91","1998-10-10","Mr","M","AADHAAR","075275610929","India","1994-10-10","Address 1","Address 2","Bangalore","Karnataka","India","560076"
"bjFAj","mhvcu","9981274617","usazxtp@test.com","bjFAj","91","1998-10-10","Mr","M","AADHAAR","239499327138","India","1994-10-10","Address 1","Address 2","Bangalore","Karnataka","India","560076"
"bjFAj","OwZwF","9937733059","atwfcxt@test.com","bjFAj","91","1998-10-10","Mr","M","AADHAAR","453356033361","India","1994-10-10","Address 1","Address 2","Bangalore","Karnataka","India","560076"
"bjFAj","MJDST","9925287249","kdexixs@test.com","bjFAj","91","1998-10-10","Mr","M","AADHAAR","890896251076","India","1994-10-10","Address 1","Address 2","Bangalore","Karnataka","India","560076"
"bjFAj","TvrtR","9943789618","sefvfik@test.com","bjFAj","91","1998-10-10","Mr","M","AADHAAR","543949092482","India","1994-10-10","Address 1","Address 2","Bangalore","Karnataka","India","560076"
"bjFAj","mlmsz","9905713240","lsabqxe@test.com","bjFAj","91","1998-10-10","Mr","M","AADHAAR","963344885019","India","1994-10-10","Address 1","Address 2","Bangalore","Karnataka","India","560076"
"bjFAj","ihSNi","9992934017","vjtkiia@test.com","bjFAj","91","1998-10-10","Mr","M","AADHAAR","600580875152","India","1994-10-10","Address 1","Address 2","Bangalore","Karnataka","India","560076"
"bjFAj","SDEqo","9994611529","qhjbtwv@test.com","bjFAj","91","1998-10-10","Mr","M","AADHAAR","789382697165","India","1994-10-10","Address 1","Address 2","Bangalore","Karnataka","India","560076"
"bjFAj","zLJQF","9999591000","vnpwflp@test.com","bjFAj","91","1998-10-10","Mr","M","AADHAAR","978997467357","India","1994-10-10","Address 1","Address 2","Bangalore","Karnataka","India","560076"
"bjFAj","iHvSe","9944172947","gulcvbt@test.com","bjFAj","91","1998-10-10","Mr","M","AADHAAR","710365073422","India","1994-10-10","Address 1","Address 2","Bangalore","Karnataka","India","560076"
"bjFAj","rrknM","9933538699","jsbdlkh@test.com","bjFAj","91","1998-10-10","Mr","M","AADHAAR","543834002521","India","1994-10-10","Address 1","Address 2","Bangalore","Karnataka","India","560076"
"bjFAj","rQtEm","9952170801","vhdffpn@test.com","bjFAj","91","1998-10-10","Mr","M","AADHAAR","189655021908","India","1994-10-10","Address 1","Address 2","Bangalore","Karnataka","India","560076"
"bjFAj","kYCAs","9904671958","jrwitzl@test.com","bjFAj","91","1998-10-10","Mr","M","AADHAAR","540269353988","India","1994-10-10","Address 1","Address 2","Bangalore","Karnataka","India","560076"
"bjFAj","WVDNM","9996081242","tqejisu@test.com","bjFAj","91","1998-10-10","Mr","M","AADHAAR","582114421456","India","1994-10-10","Address 1","Address 2","Bangalore","Karnataka","India","560076"
"bjFAj","heQuW","9978446449","leiszdh@test.com","bjFAj","91","1998-10-10","Mr","M","AADHAAR","143206590471","India","1994-10-10","Address 1","Address 2","Bangalore","Karnataka","India","560076"
"bjFAj","btsfd","9940814169","stjofvb@test.com","bjFAj","91","1998-10-10","Mr","M","AADHAAR","232166555625","India","1994-10-10","Address 1","Address 2","Bangalore","Karnataka","India","560076"
"bjFAj","yHEvP","9926663112","rezxair@test.com","bjFAj","91","1998-10-10","Mr","M","AADHAAR","939280839217","India","1994-10-10","Address 1","Address 2","Bangalore","Karnataka","India","560076"
"bjFAj","pCSmH","9919364646","qrcstmw@test.com","bjFAj","91","1998-10-10","Mr","M","AADHAAR","793215549089","India","1994-10-10","Address 1","Address 2","Bangalore","Karnataka","India","560076"
"bjFAj","oleXH","9976163876","yiqmkfv@test.com","bjFAj","91","1998-10-10","Mr","M","AADHAAR","612719859321","India","1994-10-10","Address 1","Address 2","Bangalore","Karnataka","India","560076"
"bjFAj","NlBKS","9910019237","scawfsr@test.com","bjFAj","91","1998-10-10","Mr","M","AADHAAR","086899583134","India","1994-10-10","Address 1","Address 2","Bangalore","Karnataka","India","560076"
"bjFAj","SFHSu","9946656623","zhvwqhr@test.com","bjFAj","91","1998-10-10","Mr","M","AADHAAR","985512200857","India","1994-10-10","Address 1","Address 2","Bangalore","Karnataka","India","560076"
"bjFAj","NkhlT","9990337565","aknwsvt@test.com","bjFAj","91","1998-10-10","Mr","M","AADHAAR","512381886075","India","1994-10-10","Address 1","Address 2","Bangalore","Karnataka","India","560076"
"bjFAj","MTyOr","9910309299","lgrufyc@test.com","bjFAj","91","1998-10-10","Mr","M","AADHAAR","015675453927","India","1994-10-10","Address 1","Address 2","Bangalore","Karnataka","India","560076"
"bjFAj","VuIEe","9960985844","qypvfrx@test.com","bjFAj","91","1998-10-10","Mr","M","AADHAAR","541883054333","India","1994-10-10","Address 1","Address 2","Bangalore","Karnataka","India","560076"
"bjFAj","WEhMQ","9925913155","nwdnclz@test.com","bjFAj","91","1998-10-10","Mr","M","AADHAAR","284541792269","India","1994-10-10","Address 1","Address 2","Bangalore","Karnataka","India","560076"
"bjFAj","xgjAo","9979447675","fowsxkw@test.com","bjFAj","91","1998-10-10","Mr","M","AADHAAR","427744127342","India","1994-10-10","Address 1","Address 2","Bangalore","Karnataka","India","560076"
"bjFAj","ojhDA","9916791010","ebzwlbf@test.com","bjFAj","91","1998-10-10","Mr","M","AADHAAR","569959553802","India","1994-10-10","Address 1","Address 2","Bangalore","Karnataka","India","560076"
"bjFAj","mawCd","9942419537","ymsdfez@test.com","bjFAj","91","1998-10-10","Mr","M","AADHAAR","765444049669","India","1994-10-10","Address 1","Address 2","Bangalore","Karnataka","India","560076"
"bjFAj","goMKG","9958020849","mkcpayl@test.com","bjFAj","91","1998-10-10","Mr","M","AADHAAR","579718114140","India","1994-10-10","Address 1","Address 2","Bangalore","Karnataka","India","560076"
"bjFAj","AIGQv","9945249858","fsxljjq@test.com","bjFAj","91","1998-10-10","Mr","M","AADHAAR","302966894212","India","1994-10-10","Address 1","Address 2","Bangalore","Karnataka","India","560076"
"bjFAj","rhtPX","9969230773","zadliwm@test.com","bjFAj","91","1998-10-10","Mr","M","AADHAAR","299181779834","India","1994-10-10","Address 1","Address 2","Bangalore","Karnataka","India","560076"
"bjFAj","YFdUU","9906740674","vqiwtea@test.com","bjFAj","91","1998-10-10","Mr","M","AADHAAR","718043070122","India","1994-10-10","Address 1","Address 2","Bangalore","Karnataka","India","560076"
"bjFAj","HKLDk","9945147591","pqujcts@test.com","bjFAj","91","1998-10-10","Mr","M","AADHAAR","803991839147","India","1994-10-10","Address 1","Address 2","Bangalore","Karnataka","India","560076"
"bjFAj","LlrSO","9929782727","ejeddpl@test.com","bjFAj","91","1998-10-10","Mr","M","AADHAAR","211515676456","India","1994-10-10","Address 1","Address 2","Bangalore","Karnataka","India","560076"
"bjFAj","RldSF","9958033612","jmdnwbo@test.com","bjFAj","91","1998-10-10","Mr","M","AADHAAR","405201640967","India","1994-10-10","Address 1","Address 2","Bangalore","Karnataka","India","560076"
"bjFAj","PmBYm","9942394240","jllrfab@test.com","bjFAj","91","1998-10-10","Mr","M","AADHAAR","370029270070","India","1994-10-10","Address 1","Address 2","Bangalore","Karnataka","India","560076"
"bjFAj","fJvSm","9913084228","aysgznr@test.com","bjFAj","91","1998-10-10","Mr","M","AADHAAR","433340683027","India","1994-10-10","Address 1","Address 2","Bangalore","Karnataka","India","560076"
"bjFAj","TANJN","9907260196","bdaylpn@test.com","bjFAj","91","1998-10-10","Mr","M","AADHAAR","803533213247","India","1994-10-10","Address 1","Address 2","Bangalore","Karnataka","India","560076"
"bjFAj","pZfZU","9925303586","zqrxgzz@test.com","bjFAj","91","1998-10-10","Mr","M","AADHAAR","498887355894","India","1994-10-10","Address 1","Address 2","Bangalore","Karnataka","India","560076"
"bjFAj","rKNne","9935159134","ybtfnto@test.com","bjFAj","91","1998-10-10","Mr","M","AADHAAR","366207547460","India","1994-10-10","Address 1","Address 2","Bangalore","Karnataka","India","560076"
"bjFAj","Aucoq","9960361294","pdyrnsz@test.com","bjFAj","91","1998-10-10","Mr","M","AADHAAR","195171317336","India","1994-10-10","Address 1","Address 2","Bangalore","Karnataka","India","560076"
"bjFAj","mWZeQ","9948310429","uuldoqp@test.com","bjFAj","91","1998-10-10","Mr","M","AADHAAR","327881237222","India","1994-10-10","Address 1","Address 2","Bangalore","Karnataka","India","560076"
"bjFAj","VSRCD","9916672793","aozvjek@test.com","bjFAj","91","1998-10-10","Mr","M","AADHAAR","782022800042","India","1994-10-10","Address 1","Address 2","Bangalore","Karnataka","India","560076"
"bjFAj","cgSuh","9918865095","krqrwie@test.com","bjFAj","91","1998-10-10","Mr","M","AADHAAR","659546918816","India","1994-10-10","Address 1","Address 2","Bangalore","Karnataka","India","560076"
"bjFAj","NCCEJ","9957016308","hunbflm@test.com","bjFAj","91","1998-10-10","Mr","M","AADHAAR","837685549279","India","1994-10-10","Address 1","Address 2","Bangalore","Karnataka","India","560076"
"bjFAj","hCcoa","9988442281","dupwcjt@test.com","bjFAj","91","1998-10-10","Mr","M","AADHAAR","055412361346","India","1994-10-10","Address 1","Address 2","Bangalore","Karnataka","India","560076"
"bjFAj","trXzp","9985367529","btoeway@test.com","bjFAj","91","1998-10-10","Mr","M","AADHAAR","006376975550","India","1994-10-10","Address 1","Address 2","Bangalore","Karnataka","India","560076"
"bjFAj","WiSHO","9988098631","pljzzxz@test.com","bjFAj","91","1998-10-10","Mr","M","AADHAAR","828635325072","India","1994-10-10","Address 1","Address 2","Bangalore","Karnataka","India","560076"
"bjFAj","xBgfQ","9947046631","dlevimh@test.com","bjFAj","91","1998-10-10","Mr","M","AADHAAR","513006808743","India","1994-10-10","Address 1","Address 2","Bangalore","Karnataka","India","560076"
"bjFAj","GUSHe","9935959037","aaedsnq@test.com","bjFAj","91","1998-10-10","Mr","M","AADHAAR","572710280492","India","1994-10-10","Address 1","Address 2","Bangalore","Karnataka","India","560076"
"bjFAj","yHTNg","9968499335","moqnkul@test.com","bjFAj","91","1998-10-10","Mr","M","AADHAAR","419023467975","India","1994-10-10","Address 1","Address 2","Bangalore","Karnataka","India","560076"
"bjFAj","YBFvF","9922968219","wymhvec@test.com","bjFAj","91","1998-10-10","Mr","M","AADHAAR","871151595237","India","1994-10-10","Address 1","Address 2","Bangalore","Karnataka","India","560076"
"bjFAj","dfImW","9906222116","xfezcka@test.com","bjFAj","91","1998-10-10","Mr","M","AADHAAR","818182803829","India","1994-10-10","Address 1","Address 2","Bangalore","Karnataka","India","560076"
"bjFAj","Bvddn","9902415961","lvtqqob@test.com","bjFAj","91","1998-10-10","Mr","M","AADHAAR","523193744824","India","1994-10-10","Address 1","Address 2","Bangalore","Karnataka","India","560076"
"bjFAj","PcEIV","9901584882","ncmsskc@test.com","bjFAj","91","1998-10-10","Mr","M","AADHAAR","726292486973","India","1994-10-10","Address 1","Address 2","Bangalore","Karnataka","India","560076"
"bjFAj","hLwbw","9933615179","ggokyfx@test.com","bjFAj","91","1998-10-10","Mr","M","AADHAAR","255807112932","India","1994-10-10","Address 1","Address 2","Bangalore","Karnataka","India","560076"
"bjFAj","WEIKI","9945728257","udsjkws@test.com","bjFAj","91","1998-10-10","Mr","M","AADHAAR","808522087110","India","1994-10-10","Address 1","Address 2","Bangalore","Karnataka","India","560076"
"bjFAj","klbWr","9955411522","fmigrev@test.com","bjFAj","91","1998-10-10","Mr","M","AADHAAR","024168327998","India","1994-10-10","Address 1","Address 2","Bangalore","Karnataka","India","560076"
"bjFAj","UcbyE","9928960876","zwpbyhk@test.com","bjFAj","91","1998-10-10","Mr","M","AADHAAR","735751814732","India","1994-10-10","Address 1","Address 2","Bangalore","Karnataka","India","560076"
"bjFAj","XenhX","9958152408","zkcmajp@test.com","bjFAj","91","1998-10-10","Mr","M","AADHAAR","426104797717","India","1994-10-10","Address 1","Address 2","Bangalore","Karnataka","India","560076"
"bjFAj","LyHec","9926373778","nfansob@test.com","bjFAj","91","1998-10-10","Mr","M","AADHAAR","836112652333","India","1994-10-10","Address 1","Address 2","Bangalore","Karnataka","India","560076"
"bjFAj","xcKHX","9996374099","jdmgpua@test.com","bjFAj","91","1998-10-10","Mr","M","AADHAAR","081257885900","India","1994-10-10","Address 1","Address 2","Bangalore","Karnataka","India","560076"
"bjFAj","TMttb","9919024684","zvtuqgw@test.com","bjFAj","91","1998-10-10","Mr","M","AADHAAR","431534845790","India","1994-10-10","Address 1","Address 2","Bangalore","Karnataka","India","560076"
"bjFAj","zTaxq","9949779617","cylixvh@test.com","bjFAj","91","1998-10-10","Mr","M","AADHAAR","277044119801","India","1994-10-10","Address 1","Address 2","Bangalore","Karnataka","India","560076"
"bjFAj","cWItf","9927834845","uwqqaex@test.com","bjFAj","91","1998-10-10","Mr","M","AADHAAR","323317643845","India","1994-10-10","Address 1","Address 2","Bangalore","Karnataka","India","560076"
"bjFAj","xPSIg","9978828729","wrxawjy@test.com","bjFAj","91","1998-10-10","Mr","M","AADHAAR","422412816996","India","1994-10-10","Address 1","Address 2","Bangalore","Karnataka","India","560076"
"bjFAj","QvAUb","9935525075","ezdedpm@test.com","bjFAj","91","1998-10-10","Mr","M","AADHAAR","308416329001","India","1994-10-10","Address 1","Address 2","Bangalore","Karnataka","India","560076"
"bjFAj","kcseC","9975478037","itxjkyn@test.com","bjFAj","91","1998-10-10","Mr","M","AADHAAR","254079469013","India","1994-10-10","Address 1","Address 2","Bangalore","Karnataka","India","560076"
"bjFAj","buWPB","9961539234","qmeszsb@test.com","bjFAj","91","1998-10-10","Mr","M","AADHAAR","603449846848","India","1994-10-10","Address 1","Address 2","Bangalore","Karnataka","India","560076"
"bjFAj","owUvB","9948829728","hcinuth@test.com","bjFAj","91","1998-10-10","Mr","M","AADHAAR","017671351309","India","1994-10-10","Address 1","Address 2","Bangalore","Karnataka","India","560076"
